1215,Australia Square,SYDNEY STREETS
1216,Grosvenor Place,SYDNEY STREETS
1217,Grosvenor Place,SYDNEY STREETS
1218,Grosvenor Place,SYDNEY STREETS
1219,Grosvenor Place,SYDNEY STREETS
1220,Grosvenor Place,SYDNEY STREETS
1221,Royal Exchange,SYDNEY STREETS
1222,Royal Exchange,SYDNEY STREETS
1223,Royal Exchange,SYDNEY STREETS
1224,Royal Exchange,SYDNEY STREETS
1225,Royal Exchange,SYDNEY STREETS
1226,Queen Victoria Building,SYDNEY STREETS
1227,Queen Victoria Building,SYDNEY STREETS
1228,Queen Victoria Building,SYDNEY STREETS
1229,Queen Victoria Building,SYDNEY STREETS
1230,Queen Victoria Building,SYDNEY STREETS
1231,Sydney South,SYDNEY STREETS
1232,Sydney South,SYDNEY STREETS
1233,Sydney South,SYDNEY STREETS
1234,Sydney South,SYDNEY STREETS
1235,Sydney South,SYDNEY STREETS
1236,Haymarket,SYDNEY STREETS
1237,Haymarket,SYDNEY STREETS
1238,Haymarket,SYDNEY STREETS
1239,Haymarket,SYDNEY STREETS
1240,Haymarket,SYDNEY STREETS
1291,Sydney,SYDNEY STREETS
1292,Sydney,SYDNEY STREETS
1293,Sydney,SYDNEY STREETS
1294,Sydney,SYDNEY STREETS
1295,Sydney,SYDNEY STREETS
1296,Sydney,SYDNEY STREETS
1297,Sydney,SYDNEY STREETS
1298,Sydney,SYDNEY STREETS
1299,Sydney,SYDNEY STREETS
1300,Darlinghurst,SYDNEY STREETS
1311,Eastern Suburbs Mc,SYDNEY STREETS
1312,Eastern Suburbs Mc,SYDNEY STREETS
1313,Eastern Suburbs Mc,SYDNEY STREETS
1314,Eastern Suburbs Mc,SYDNEY STREETS
1315,Eastern Suburbs Mc,SYDNEY STREETS
1316,Eastern Suburbs Mc,SYDNEY STREETS
1317,Eastern Suburbs Mc,SYDNEY STREETS
1318,Eastern Suburbs Mc,SYDNEY STREETS
1319,Eastern Suburbs Mc,SYDNEY STREETS
1320,Eastern Suburbs Mc,SYDNEY STREETS
1321,Eastern Suburbs Mc,SYDNEY STREETS
1322,Eastern Suburbs Mc,SYDNEY STREETS
1323,Eastern Suburbs Mc,SYDNEY STREETS
1324,Eastern Suburbs Mc,SYDNEY STREETS
1325,Eastern Suburbs Mc,SYDNEY STREETS
1326,Eastern Suburbs Mc,SYDNEY STREETS
1327,Eastern Suburbs Mc,SYDNEY STREETS
1328,Eastern Suburbs Mc,SYDNEY STREETS
1329,Eastern Suburbs Mc,SYDNEY STREETS
1330,Eastern Suburbs Mc,SYDNEY STREETS
1331,Eastern Suburbs Mc,SYDNEY STREETS
1332,Eastern Suburbs Mc,SYDNEY STREETS
1333,Eastern Suburbs Mc,SYDNEY STREETS
1334,Eastern Suburbs Mc,SYDNEY STREETS
1335,Potts Point,SYDNEY STREETS
1340,Kings Cross,SYDNEY STREETS
1350,Woollahra,BONDI
1355,Bondi Junction,BONDI
1360,Double Bay,BONDI
1363,Moore Park,BONDI
1391,Eastern Suburbs Mc,BONDI
1401,Broadway,BONDI
1416,Southern Suburbs Mc,BONDI
1419,Southern Suburbs Mc,BONDI
1420,Strawberry Hills,BONDI
1421,Strawberry Hills,BONDI
1422,Strawberry Hills,BONDI
1423,Strawberry Hills,BONDI
1424,Strawberry Hills,BONDI
1425,Strawberry Hills,BONDI
1426,Strawberry Hills,BONDI
1427,Strawberry Hills,BONDI
1428,Strawberry Hills,BONDI
1429,Strawberry Hills,BONDI
1430,Eveleigh,BONDI
1435,Alexandria,BONDI
1440,Waterloo,BONDI
1445,Rosebery,BONDI
1450,Camperdown,LEICHHARDT
1455,Botany,BONDI
1460,Mascot,BONDI
1465,Kensington,BONDI
1466,Unsw Sydney,BONDI
1470,Drummoyne,LEICHHARDT
1475,Marrickville,LEICHHARDT
1515,West Chatswood,CHATSWOOD
1560,Northbridge,CHATSWOOD
1565,Milsons Point,CHATSWOOD
1570,Artarmon,CHATSWOOD
1582,Crows Nest,CHATSWOOD
1585,Crows Nest,CHATSWOOD
1590,St Leonards,CHATSWOOD
1595,Lane Cove,CHATSWOOD
1597,Lane Cove,CHATSWOOD
1602,Lane Cove DC,CHATSWOOD
1630,Hornsby,GOSFORD
1635,Hornsby Westfield,GOSFORD
1639,Frenchs Forest,WARRINGAH
1640,Frenchs Forest,WARRINGAH
1655,Manly,WARRINGAH
1658,Mona Vale,WARRINGAH
1660,Mona Vale,WARRINGAH
1670,North Ryde Bc,GOSFORD
1671,North Ryde,GOSFORD
1675,Gladesville,CHATSWOOD
1680,Ryde,GOSFORD
1685,West Ryde,GOSFORD
1690,Northern Suburbs Mc,GOSFORD
1691,Northern Suburbs Mc,GOSFORD
1692,Northern Suburbs Mc,GOSFORD
1693,Northern Suburbs Mc,GOSFORD
1694,Northern Suburbs Mc,GOSFORD
1695,Northern Suburbs Mc,GOSFORD
1696,Northern Suburbs Mc,GOSFORD
1697,Northern Suburbs Mc,GOSFORD
1698,Northern Suburbs Mc,GOSFORD
1699,Northern Suburbs Mc,GOSFORD
1700,Ermington,PARRAMATTA
1701,Rydalmere Bc,PARRAMATTA
1710,Epping,GOSFORD
1712,Epping,GOSFORD
1715,Pennant Hills,GOSFORD
1730,Seven Hills,RICHMOND
1740,Parramatta,RICHMOND
1741,Parramatta,RICHMOND
1750,North Parramatta,PARRAMATTA
1755,Baulkham Hills,RICHMOND
1765,Castle Hill,RICHMOND
1771,Pennant Hills,RICHMOND
1781,Seven Hills Mc,RICHMOND
1790,St Marys,PENRITH
1797,Penrith South DC,PENRITH
1805,Burwood,PARRAMATTA
1811,Silverwater,PARRAMATTA
1825,Lidcombe,PARRAMATTA
1826,Lidcombe,PARRAMATTA
1830,Granville,PARRAMATTA
1831,Granville,PARRAMATTA
1835,Auburn,BANKSTOWN
1848,Guildford,BANKSTOWN
1851,Wetherill Park Dc,BANKSTOWN
1860,Fairfield,BANKSTOWN
1871,Liverpool,CAMPBELLTOWN
1875,Moorebank,CAMPBELLTOWN
1885,Bankstown,BANKSTOWN
1888,Bankstown,BANKSTOWN
1890,Ingleburn,CAMPBELLTOWN
1891,Milperra,BANKSTOWN
1900,Leightonfield Mc,BANKSTOWN
1902,Leightonfield Mc,BANKSTOWN
2000,Millers Point,SYDNEY STREETS
2000,Dawes Point,SYDNEY STREETS
2000,Barangaroo,SYDNEY STREETS
2000,Sydney South,SYDNEY STREETS
2000,Haymarket,SYDNEY STREETS
2000,Sydney,SYDNEY STREETS
2000,The Rocks,SYDNEY STREETS
2000,Parliament House,SYDNEY STREETS
2001,Sydney,SYDNEY BOXES
2002,World Square,SYDNEY BOXES
2004,Alexandria Mc,SYDNEY BOXES
2004,Eastern Suburbs Mc,SYDNEY BOXES
2006,The University Of Sydney,SYDNEY STREETS
2007,Ultimo,SYDNEY STREETS
2007,Broadway,SYDNEY STREETS
2008,Darlington,SYDNEY STREETS
2008,Chippendale,SYDNEY STREETS
2009,Pyrmont,SYDNEY STREETS
2010,Darlinghurst,SYDNEY STREETS
2010,Surry Hills,SYDNEY STREETS
2011,Elizabeth Bay,SYDNEY STREETS
2011,Potts Point,SYDNEY STREETS
2011,Woolloomooloo,SYDNEY STREETS
2011,Kings Cross,SYDNEY STREETS
2011,Rushcutters Bay,SYDNEY STREETS
2012,Strawberry Hills,BONDI
2015,Eveleigh,BONDI
2015,Beaconsfield,BONDI
2015,Alexandria,BONDI
2016,Redfern,BONDI
2017,Waterloo,BONDI
2017,Zetland,BONDI
2018,Eastlakes,BONDI
2018,Rosebery,BONDI
2019,Botany,BONDI
2019,Banksmeadow,BONDI
2020,Mascot,BONDI
2020,Sydney Domestic Airport,BONDI
2020,Sydney International Airport,BONDI
2021,Centennial Park,BONDI
2021,Moore Park,BONDI
2021,Paddington,BONDI
2022,Bondi Junction,BONDI
2022,Queens Park,BONDI
2023,Bellevue Hill,BONDI
2024,Waverley,BONDI
2024,Bronte,BONDI
2025,Woollahra,BONDI
2026,Tamarama,BONDI
2026,North Bondi,BONDI
2026,Ben Buckler,BONDI
2026,Bondi Beach,BONDI
2026,Bondi,BONDI
2027,Hmas Rushcutters,BONDI
2027,Edgecliff,BONDI
2027,Point Piper,BONDI
2027,Darling Point,BONDI
2028,Double Bay,BONDI
2029,Rose Bay,BONDI
2030,Dover Heights,BONDI
2030,Rose Bay North,BONDI
2030,Watsons Bay,BONDI
2030,Hmas Watson,BONDI
2030,Vaucluse,BONDI
2031,St Pauls,BONDI
2031,Clovelly,BONDI
2031,Clovelly West,BONDI
2031,Randwick,BONDI
2032,Kingsford,BONDI
2032,Daceyville,BONDI
2033,Kensington,BONDI
2034,South Coogee,BONDI
2034,Coogee,BONDI
2035,Pagewood,BONDI
2035,Maroubra,BONDI
2035,Maroubra South,BONDI
2036,Matraville,BONDI
2036,Little Bay,BONDI
2036,Hillsdale,BONDI
2036,Chifley,BONDI
2036,Port Botany,BONDI
2036,Eastgardens,BONDI
2036,La Perouse,BONDI
2036,Malabar,BONDI
2036,Phillip Bay,BONDI
2037,Glebe,LEICHHARDT
2037,Forest Lodge,LEICHHARDT
2038,Annandale,LEICHHARDT
2039,Rozelle,LEICHHARDT
2040,Lilyfield,LEICHHARDT
2040,Leichhardt,LEICHHARDT
2041,Balmain,LEICHHARDT
2041,Balmain East,LEICHHARDT
2041,Birchgrove,LEICHHARDT
2042,Enmore,LEICHHARDT
2042,Newtown,LEICHHARDT
2043,Erskineville,LEICHHARDT
2044,St Peters,LEICHHARDT
2044,Sydenham,LEICHHARDT
2044,Tempe,LEICHHARDT
2045,Haberfield,LEICHHARDT
2046,Canada Bay,LEICHHARDT
2046,Wareemba,LEICHHARDT
2046,Rodd Point,LEICHHARDT
2046,Abbotsford,LEICHHARDT
2046,Russell Lea,LEICHHARDT
2046,Chiswick,LEICHHARDT
2046,Five Dock,LEICHHARDT
2047,Drummoyne,LEICHHARDT
2048,Westgate,LEICHHARDT
2048,Stanmore,LEICHHARDT
2049,Petersham North,LEICHHARDT
2049,Petersham,LEICHHARDT
2049,Lewisham,LEICHHARDT
2050,Missenden Road,LEICHHARDT
2050,Camperdown,LEICHHARDT
2052,Unsw Sydney,BONDI
2055,North Sydney,BONDI
2057,Chatswood,CHATSWOOD
2058,Northern Suburbs Mc,CHATSWOOD
2059,North Sydney,CHATSWOOD
2060,Mcmahons Point,CHATSWOOD
2060,Waverton,CHATSWOOD
2060,Hmas Waterhen,CHATSWOOD
2060,Hmas Platypus,CHATSWOOD
2060,Lavender Bay,CHATSWOOD
2060,North Sydney Shoppingworld,CHATSWOOD
2060,North Sydney,CHATSWOOD
2061,Milsons Point,CHATSWOOD
2061,Kirribilli,CHATSWOOD
2062,Cammeray,CHATSWOOD
2063,Northbridge,CHATSWOOD
2064,Artarmon,CHATSWOOD
2065,Gore Hill,CHATSWOOD
2065,Crows Nest,CHATSWOOD
2065,Naremburn,CHATSWOOD
2065,Greenwich,CHATSWOOD
2065,Royal North Shore Hospital,CHATSWOOD
2065,St Leonards,CHATSWOOD
2065,Wollstonecraft,CHATSWOOD
2066,Lane Cove North,CHATSWOOD
2066,Riverview,CHATSWOOD
2066,Lane Cove,CHATSWOOD
2066,Lane Cove West,CHATSWOOD
2066,Northwood,CHATSWOOD
2066,Longueville,CHATSWOOD
2066,Linley Point,CHATSWOOD
2067,Chatswood,CHATSWOOD
2067,Chatswood West,CHATSWOOD
2068,Castlecrag,CHATSWOOD
2068,Willoughby North,CHATSWOOD
2068,Middle Cove,CHATSWOOD
2068,North Willoughby,CHATSWOOD
2068,Willoughby East,CHATSWOOD
2068,Willoughby,CHATSWOOD
2069,Roseville Chase,CHATSWOOD
2069,Castle Cove,CHATSWOOD
2069,Roseville,CHATSWOOD
2070,Lindfield West,GOSFORD
2070,East Lindfield,GOSFORD
2070,Lindfield,GOSFORD
2071,Killara,GOSFORD
2071,East Killara,GOSFORD
2072,Gordon,GOSFORD
2073,West Pymble,GOSFORD
2073,Pymble,GOSFORD
2074,South Turramurra,GOSFORD
2074,North Turramurra,GOSFORD
2074,Warrawee,GOSFORD
2074,Turramurra,GOSFORD
2075,St Ives Chase,GOSFORD
2075,St Ives,GOSFORD
2076,North Wahroonga,GOSFORD
2076,Wahroonga,GOSFORD
2076,Normanhurst,GOSFORD
2077,Asquith,GOSFORD
2077,Waitara,GOSFORD
2077,Hornsby,GOSFORD
2077,Hornsby Heights,GOSFORD
2079,Mount Colah,GOSFORD
2080,Mount Kuring-Gai,GOSFORD
2081,Berowra,GOSFORD
2081,Cowan,GOSFORD
2082,Berowra Heights,GOSFORD
2082,Berowra Waters,GOSFORD
2082,Berowra Creek,GOSFORD
2083,Milsons Passage,GOSFORD
2083,Dangar Island,GOSFORD
2083,Brooklyn,GOSFORD
2083,Cheero Point,GOSFORD
2083,Mooney Mooney,GOSFORD
2083,Cogra Bay,GOSFORD
2083,Bar Point,GOSFORD
2084,Cottage Point,GOSFORD
2084,Terrey Hills,WARRINGAH
2084,Duffys Forest,WARRINGAH
2085,Belrose,WARRINGAH
2085,Belrose West,WARRINGAH
2085,Davidson,WARRINGAH
2086,Frenchs Forest East,WARRINGAH
2086,Frenchs Forest,WARRINGAH
2087,Killarney Heights,WARRINGAH
2087,Forestville,WARRINGAH
2088,Mosman,CHATSWOOD
2088,Spit Junction,CHATSWOOD
2089,Kurraba Point,CHATSWOOD
2089,Neutral Bay Junction,CHATSWOOD
2089,Neutral Bay,CHATSWOOD
2090,Cremorne Point,CHATSWOOD
2090,Cremorne,CHATSWOOD
2090,Cremorne Junction,CHATSWOOD
2091,Hmas Penguin,CHATSWOOD
2092,Seaforth,WARRINGAH
2093,Manly Vale,WARRINGAH
2093,North Balgowlah,WARRINGAH
2093,Balgowlah Heights,WARRINGAH
2093,Clontarf,WARRINGAH
2093,Balgowlah,WARRINGAH
2094,Fairlight,WARRINGAH
2095,Manly East,WARRINGAH
2095,Manly,WARRINGAH
2096,Harbord,WARRINGAH
2096,Freshwater,WARRINGAH
2096,Queenscliff,WARRINGAH
2096,Curl Curl,WARRINGAH
2097,Collaroy Plateau,WARRINGAH
2097,Collaroy,WARRINGAH
2097,Wheeler Heights,WARRINGAH
2097,Collaroy Beach,WARRINGAH
2099,Narraweena,WARRINGAH
2099,Wingala,WARRINGAH
2099,Dee Why,WARRINGAH
2099,Cromer,WARRINGAH
2099,North Curl Curl,WARRINGAH
2100,Oxford Falls,WARRINGAH
2100,Brookvale,WARRINGAH
2100,Allambie Heights,WARRINGAH
2100,North Manly,WARRINGAH
2100,Allambie,WARRINGAH
2100,Warringah Mall,WARRINGAH
2100,Beacon Hill,WARRINGAH
2101,North Narrabeen,WARRINGAH
2101,Elanora Heights,WARRINGAH
2101,Ingleside,WARRINGAH
2101,Narrabeen,WARRINGAH
2102,Warriewood Shopping Square,WARRINGAH
2102,Warriewood,WARRINGAH
2103,Mona Vale,WARRINGAH
2104,Bayview,WARRINGAH
2105,Scotland Island,WARRINGAH
2105,Elvina Bay,WARRINGAH
2105,Mccarrs Creek,WARRINGAH
2105,Morning Bay,WARRINGAH
2105,Lovett Bay,WARRINGAH
2105,Church Point,WARRINGAH
2106,Newport,WARRINGAH
2106,Newport Beach,WARRINGAH
2107,Bilgola Plateau,WARRINGAH
2107,Careel Bay,WARRINGAH
2107,Avalon Beach,WARRINGAH
2107,Bilgola Beach,WARRINGAH
2107,Bilgola,WARRINGAH
2107,Whale Beach,WARRINGAH
2107,Clareville,WARRINGAH
2108,Palm Beach,WARRINGAH
2108,The Basin,WARRINGAH
2108,Coasters Retreat,WARRINGAH
2108,Great Mackerel Beach,WARRINGAH
2108,Currawong Beach,WARRINGAH
2109,Macquarie University,GOSFORD
2110,Hunters Hill,CHATSWOOD
2110,Woolwich,CHATSWOOD
2111,Boronia Park,CHATSWOOD
2111,Gladesville,CHATSWOOD
2111,Huntleys Cove,CHATSWOOD
2111,Huntleys Point,CHATSWOOD
2111,Tennyson Point,CHATSWOOD
2111,Henley,CHATSWOOD
2111,Monash Park,CHATSWOOD
2112,Ryde,GOSFORD
2112,Putney,GOSFORD
2112,Denistone East,GOSFORD
2113,East Ryde,GOSFORD
2113,Macquarie Park,GOSFORD
2113,Macquarie Centre,GOSFORD
2113,North Ryde,GOSFORD
2113,Blenheim Road,GOSFORD
2114,Melrose Park,GOSFORD
2114,West Ryde,GOSFORD
2114,Denistone,GOSFORD
2114,Denistone West,GOSFORD
2114,Meadowbank,GOSFORD
2115,Ermington,PARRAMATTA
2116,Rydalmere,PARRAMATTA
2117,Dundas Valley,PARRAMATTA
2117,Oatlands,PARRAMATTA
2117,Telopea,PARRAMATTA
2117,Dundas,PARRAMATTA
2118,Carlingford,PARRAMATTA
2118,Carlingford Court,PARRAMATTA
2118,Carlingford North,PARRAMATTA
2118,Kingsdene,PARRAMATTA
2119,Beecroft,GOSFORD
2119,Cheltenham,GOSFORD
2120,Westleigh,GOSFORD
2120,Thornleigh,GOSFORD
2120,Pennant Hills,GOSFORD
2121,North Epping,GOSFORD
2121,Epping,GOSFORD
2122,Marsfield,GOSFORD
2122,Eastwood,GOSFORD
2123,Parramatta,PARRAMATTA
2124,Parramatta,PARRAMATTA
2125,West Pennant Hills,RICHMOND
2126,Cherrybrook,RICHMOND
2127,Sydney Olympic Park,RICHMOND
2127,Homebush Bay,PARRAMATTA
2127,Newington,PARRAMATTA
2127,Wentworth Point,PARRAMATTA
2128,Silverwater,PARRAMATTA
2129,Sydney Markets,PARRAMATTA
2134,Burwood,PARRAMATTA
2135,Strathfield,PARRAMATTA
2136,Strathfield South,PARRAMATTA
2136,Enfield,PARRAMATTA
2136,Burwood Heights,PARRAMATTA
2137,Mortlake,PARRAMATTA
2137,Cabarita,PARRAMATTA
2137,Breakfast Point,PARRAMATTA
2137,North Strathfield,PARRAMATTA
2137,Concord,PARRAMATTA
2138,Rhodes,PARRAMATTA
2138,Liberty Grove,PARRAMATTA
2138,Concord West,PARRAMATTA
2139,Concord Repatriation Hospital,PARRAMATTA
2140,Homebush,PARRAMATTA
2140,Homebush South,PARRAMATTA
2140,Homebush West,PARRAMATTA
2141,Berala,PARRAMATTA
2141,Lidcombe North,PARRAMATTA
2141,Rookwood,PARRAMATTA
2141,Lidcombe,PARRAMATTA
2142,Camellia,BANKSTOWN
2142,Granville,BANKSTOWN
2142,Holroyd,BANKSTOWN
2142,Rosehill,BANKSTOWN
2142,Blaxcell,BANKSTOWN
2142,Clyde,BANKSTOWN
2142,South Granville,BANKSTOWN
2143,Potts Hill,BANKSTOWN
2143,Regents Park,BANKSTOWN
2143,Birrong,BANKSTOWN
2144,Auburn,BANKSTOWN
2145,Westmead,RICHMOND
2145,Pemulwuy,RICHMOND
2145,Girraween,RICHMOND
2145,Constitution Hill,RICHMOND
2145,Wentworthville,RICHMOND
2145,Mays Hill,RICHMOND
2145,Greystanes,RICHMOND
2145,South Wentworthville,RICHMOND
2145,Pendle Hill,RICHMOND
2146,Toongabbie East,RICHMOND
2146,Toongabbie,RICHMOND
2146,Old Toongabbie,RICHMOND
2147,Seven Hills,RICHMOND
2147,Kings Langley,RICHMOND
2147,Seven Hills West,RICHMOND
2147,Lalor Park,RICHMOND
2148,Marayong,RICHMOND
2148,Kings Park,RICHMOND
2148,Prospect,RICHMOND
2148,Huntingwood,RICHMOND
2148,Blacktown,RICHMOND
2148,Blacktown Westpoint,RICHMOND
2148,Arndell Park,RICHMOND
2150,Harris Park,PARRAMATTA
2150,Parramatta Westfield,PARRAMATTA
2150,Parramatta,PARRAMATTA
2151,North Rocks,PARRAMATTA
2151,North Parramatta,PARRAMATTA
2152,Northmead,PARRAMATTA
2153,Bella Vista,RICHMOND
2153,Baulkham Hills,RICHMOND
2153,Winston Hills,RICHMOND
2154,Castle Hill,RICHMOND
2155,Kellyville Ridge,RICHMOND
2155,Kellyville,RICHMOND
2155,Beaumont Hills,RICHMOND
2155,Rouse Hill,RICHMOND
2156,Annangrove,RICHMOND
2156,Glenhaven,RICHMOND
2156,Kenthurst,RICHMOND
2157,Glenorie,RICHMOND
2157,Forest Glen,RICHMOND
2157,Canoelands,RICHMOND
2158,Dural,RICHMOND
2158,Round Corner,RICHMOND
2158,Middle Dural,RICHMOND
2159,Berrilee,RICHMOND
2159,Fiddletown,RICHMOND
2159,Galston,RICHMOND
2159,Arcadia,RICHMOND
2160,Merrylands,BANKSTOWN
2160,Merrylands West,BANKSTOWN
2161,Guildford,BANKSTOWN
2161,Old Guildford,BANKSTOWN
2161,Guildford West,BANKSTOWN
2161,Yennora,BANKSTOWN
2162,Sefton,BANKSTOWN
2162,Chester Hill,BANKSTOWN
2163,Lansdowne,BANKSTOWN
2163,Villawood,BANKSTOWN
2163,Carramar,BANKSTOWN
2164,Smithfield West,BANKSTOWN
2164,Woodpark,BANKSTOWN
2164,Wetherill Park,BANKSTOWN
2164,Smithfield,BANKSTOWN
2165,Fairfield West,BANKSTOWN
2165,Fairfield,BANKSTOWN
2165,Fairfield Heights,BANKSTOWN
2165,Fairfield East,BANKSTOWN
2166,Cabramatta West,BANKSTOWN
2166,Cabramatta,BANKSTOWN
2166,Canley Vale,BANKSTOWN
2166,Lansvale,BANKSTOWN
2166,Canley Heights,BANKSTOWN
2167,Glenfield,CAMPBELLTOWN
2168,Cartwright,CAMPBELLTOWN
2168,Ashcroft,CAMPBELLTOWN
2168,Hinchinbrook,CAMPBELLTOWN
2168,Sadleir,CAMPBELLTOWN
2168,Busby,CAMPBELLTOWN
2168,Heckenberg,CAMPBELLTOWN
2168,Miller,CAMPBELLTOWN
2168,Green Valley,CAMPBELLTOWN
2170,Casula Mall,CAMPBELLTOWN
2170,Mount Pritchard,CAMPBELLTOWN
2170,Moorebank,CAMPBELLTOWN
2170,Liverpool South,CAMPBELLTOWN
2170,Prestons,CAMPBELLTOWN
2170,Liverpool Westfield,CAMPBELLTOWN
2170,Liverpool,CAMPBELLTOWN
2170,Warwick Farm,CAMPBELLTOWN
2170,Hammondville,CAMPBELLTOWN
2170,Casula,CAMPBELLTOWN
2170,Lurnea,CAMPBELLTOWN
2170,Chipping Norton,CAMPBELLTOWN
2171,Middleton Grange,CAMPBELLTOWN
2171,Hoxton Park,CAMPBELLTOWN
2171,Elizabeth Hills,CAMPBELLTOWN
2171,Carnes Hill,CAMPBELLTOWN
2171,Cecil Hills,CAMPBELLTOWN
2171,West Hoxton,CAMPBELLTOWN
2171,Len Waters Estate,CAMPBELLTOWN
2171,Horningsea Park,CAMPBELLTOWN
2172,Sandy Point,CAMPBELLTOWN
2172,Voyager Point,CAMPBELLTOWN
2172,Pleasure Point,CAMPBELLTOWN
2173,Holsworthy,CAMPBELLTOWN
2173,Wattle Grove,CAMPBELLTOWN
2174,Edmondson Park,CAMPBELLTOWN
2175,Horsley Park,CAMPBELLTOWN
2176,Wakeley,BANKSTOWN
2176,Abbotsbury,BANKSTOWN
2176,Prairiewood,BANKSTOWN
2176,Greenfield Park,BANKSTOWN
2176,Edensor Park,BANKSTOWN
2176,St Johns Park,BANKSTOWN
2176,Bossley Park,BANKSTOWN
2177,Bonnyrigg,BANKSTOWN
2177,Bonnyrigg Heights,BANKSTOWN
2178,Cecil Park,CAMPBELLTOWN
2178,Mount Vernon,CAMPBELLTOWN
2178,Kemps Creek,CAMPBELLTOWN
2179,Leppington,CAMPBELLTOWN
2179,Austral,CAMPBELLTOWN
2197,Bass Hill,BANKSTOWN
2198,Georges Hall,BANKSTOWN
2199,Yagoona West,BANKSTOWN
2199,Yagoona,BANKSTOWN
2200,Bankstown Aerodrome,BANKSTOWN
2200,Bankstown North,BANKSTOWN
2200,Mount Lewis,BANKSTOWN
2200,Bankstown,BANKSTOWN
2200,Condell Park,BANKSTOWN
2200,Manahan,BANKSTOWN
2200,Bankstown Square,BANKSTOWN
2203,Dulwich Hill,LEICHHARDT
2204,Marrickville,LEICHHARDT
2204,Marrickville South,LEICHHARDT
2204,Marrickville Metro,LEICHHARDT
2211,Padstow,BANKSTOWN
2211,Padstow Heights,BANKSTOWN
2212,Revesby Heights,BANKSTOWN
2212,Revesby North,BANKSTOWN
2212,Revesby,BANKSTOWN
2213,Picnic Point,BANKSTOWN
2213,Panania,BANKSTOWN
2213,East Hills,BANKSTOWN
2214,Milperra,BANKSTOWN
2250,East Gosford,PYMBLE
2250,Glenworth Valley,PYMBLE
2250,Somersby,PYMBLE
2250,Mooney Mooney Creek,PYMBLE
2250,Mount White,PYMBLE
2250,North Gosford,PYMBLE
2250,Erina,PYMBLE
2250,Matcham,PYMBLE
2250,Calga,PYMBLE
2250,Gosford,PYMBLE
2250,Point Clare,PYMBLE
2250,Lower Mangrove,PYMBLE
2250,Ten Mile Hollow,PYMBLE
2250,Central Mangrove,PYMBLE
2250,Mangrove Creek,PYMBLE
2250,Point Frederick,PYMBLE
2250,Bucketty,PYMBLE
2250,Tascott,PYMBLE
2250,Narara,PYMBLE
2250,Holgate,PYMBLE
2250,Erina Fair,PYMBLE
2250,Niagara Park,PYMBLE
2250,Wendoree Park,PYMBLE
2250,Kulnura,PYMBLE
2250,Mount Elliot,PYMBLE
2250,Springfield,PYMBLE
2250,West Gosford,PYMBLE
2250,Mangrove Mountain,PYMBLE
2250,Lisarow,PYMBLE
2250,Upper Mangrove,PYMBLE
2250,Wyoming,PYMBLE
2250,Kariong,PYMBLE
2250,Peats Ridge,PYMBLE
2250,Greengrove,PYMBLE
2251,Kincumber South,PYMBLE
2251,Green Point,PYMBLE
2251,Kincumber,PYMBLE
2251,Saratoga,PYMBLE
2251,Avoca Beach,PYMBLE
2251,Picketts Valley,PYMBLE
2251,Davistown,PYMBLE
2251,Yattalunga,PYMBLE
2251,Copacabana,PYMBLE
2251,Macmasters Beach,PYMBLE
2251,Bensville,PYMBLE
2251,Bouddi,PYMBLE
2252,Central Coast Mc,PYMBLE
2256,Pearl Beach,PYMBLE
2256,Little Wobby,PYMBLE
2256,Woy Woy Bay,PYMBLE
2256,Blackwall,PYMBLE
2256,Horsfield Bay,PYMBLE
2256,Wondabyne,PYMBLE
2256,Patonga,PYMBLE
2256,Woy Woy,PYMBLE
2256,Koolewong,PYMBLE
2256,Phegans Bay,PYMBLE
2257,Wagstaffe,PYMBLE
2257,Umina Beach,PYMBLE
2257,St Huberts Island,PYMBLE
2257,Daleys Point,PYMBLE
2257,Hardys Bay,PYMBLE
2257,Killcare,PYMBLE
2257,Killcare Heights,PYMBLE
2257,Empire Bay,PYMBLE
2257,Box Head,PYMBLE
2257,Pretty Beach,PYMBLE
2257,Ettalong Beach,PYMBLE
2257,Booker Bay,PYMBLE
2258,Kangy Angy,PYMBLE
2258,Palm Grove,PYMBLE
2258,Palmdale,PYMBLE
2258,Ourimbah,PYMBLE
2258,Fountaindale,PYMBLE
2259,Durren Durren,PYMBLE
2259,Wadalba,PYMBLE
2259,Chain Valley Bay,PYMBLE
2259,Summerland Point,PYMBLE
2259,Warnervale,PYMBLE
2259,Gwandalan,PYMBLE
2259,Wyee Point,PYMBLE
2259,Tacoma South,PYMBLE
2259,Cedar Brush Creek,PYMBLE
2259,Woongarrah,PYMBLE
2259,Hamlyn Terrace,PYMBLE
2259,Little Jilliby,PYMBLE
2259,Alison,PYMBLE
2259,Jilliby,PYMBLE
2259,Kingfisher Shores,PYMBLE
2259,Rocky Point,PYMBLE
2259,Wallarah,PYMBLE
2259,Ravensdale,PYMBLE
2259,Kiar,PYMBLE
2259,Dooralong,PYMBLE
2259,Wyong,PYMBLE
2259,Wyong Creek,PYMBLE
2259,Yarramalong,PYMBLE
2259,Moonee,PYMBLE
2259,Tacoma,PYMBLE
2259,Lemon Tree,PYMBLE
2259,Watanobbi,PYMBLE
2259,Freemans,PYMBLE
2259,Lake Munmorah,PYMBLE
2259,Mardi,PYMBLE
2259,Tuggerah,PYMBLE
2259,Kanwal,PYMBLE
2259,Bushells Ridge,PYMBLE
2259,Mannering Park,PYMBLE
2259,Tuggerawong,PYMBLE
2259,Wyongah,PYMBLE
2259,Wyee,PYMBLE
2259,Wybung,PYMBLE
2259,Halloran,PYMBLE
2259,Point Wolstoncroft,PYMBLE
2259,Frazer Park,PYMBLE
2259,Crangan Bay,PYMBLE
2260,North Avoca,PYMBLE
2260,Forresters Beach,PYMBLE
2260,Wamberal,PYMBLE
2260,Terrigal,PYMBLE
2260,Erina Heights,PYMBLE
2261,Tumbi Umbi,PYMBLE
2261,Blue Bay,PYMBLE
2261,Bateau Bay,PYMBLE
2261,The Entrance,PYMBLE
2261,Glenning Valley,PYMBLE
2261,Chittaway Bay,PYMBLE
2261,Shelly Beach,PYMBLE
2261,The Entrance North,PYMBLE
2261,Bay Village,PYMBLE
2261,Toowoon Bay,PYMBLE
2261,Killarney Vale,PYMBLE
2261,Magenta,PYMBLE
2261,Chittaway Point,PYMBLE
2261,Berkeley Vale,PYMBLE
2261,Long Jetty,PYMBLE
2262,Colongra,PYMBLE
2262,Budgewoi,PYMBLE
2262,San Remo,PYMBLE
2262,Doyalson North,PYMBLE
2262,Buff Point,PYMBLE
2262,Doyalson,PYMBLE
2262,Budgewoi Peninsula,PYMBLE
2262,Blue Haven,PYMBLE
2262,Halekulani,PYMBLE
2263,Noraville,PYMBLE
2263,Norah Head,PYMBLE
2263,Lake Haven,PYMBLE
2263,Canton Beach,PYMBLE
2263,Charmhaven,PYMBLE
2263,Gorokan,PYMBLE
2263,Toukley,PYMBLE
2264,Silverwater,PYMBLE
2264,Eraring,PYMBLE
2264,Windermere Park,PYMBLE
2264,Dora Creek,PYMBLE
2264,Yarrawonga Park,PYMBLE
2264,Sunshine,PYMBLE
2264,Morisset,PYMBLE
2264,Bonnells Bay,PYMBLE
2264,Balcolyn,PYMBLE
2264,Mandalong,PYMBLE
2264,Morisset Park,PYMBLE
2264,Mirrabooka,PYMBLE
2264,Brightwaters,PYMBLE
2264,Myuna Bay,PYMBLE
2265,Cooranbong,PYMBLE
2265,Martinsville,PYMBLE
2557,Rossmore,CAMPBELLTOWN
2557,Gledswood Hills,CAMPBELLTOWN
2557,Catherine Field,CAMPBELLTOWN
2558,Kearns,CAMPBELLTOWN
2558,Eschol Park,CAMPBELLTOWN
2558,Eagle Vale,CAMPBELLTOWN
2559,Blairmount,CAMPBELLTOWN
2559,Claymore,CAMPBELLTOWN
2560,Bradbury,CAMPBELLTOWN
2560,Ambarvale,CAMPBELLTOWN
2560,Campbelltown,CAMPBELLTOWN
2560,Wedderburn,CAMPBELLTOWN
2560,Englorie Park,CAMPBELLTOWN
2560,Leumeah,CAMPBELLTOWN
2560,Ruse,CAMPBELLTOWN
2560,Cataract,CAMPBELLTOWN
2560,Appin,CAMPBELLTOWN
2560,Campbelltown North,CAMPBELLTOWN
2560,Airds,CAMPBELLTOWN
2560,Macarthur Square,CAMPBELLTOWN
2560,Gilead,CAMPBELLTOWN
2560,Blair Athol,CAMPBELLTOWN
2560,Woodbine,CAMPBELLTOWN
2560,Kentlyn,CAMPBELLTOWN
2560,Rosemeadow,CAMPBELLTOWN
2560,St Helens Park,CAMPBELLTOWN
2560,Glen Alpine,CAMPBELLTOWN
2563,Menangle Park,CAMPBELLTOWN
2564,Long Point,CAMPBELLTOWN
2564,Glenquarie,CAMPBELLTOWN
2564,Macquarie Fields,CAMPBELLTOWN
2565,Denham Court,CAMPBELLTOWN
2565,Ingleburn,CAMPBELLTOWN
2565,Macquarie Links,CAMPBELLTOWN
2565,Bardia,CAMPBELLTOWN
2566,Minto DC,CAMPBELLTOWN
2566,Bow Bowing,CAMPBELLTOWN
2566,Minto,CAMPBELLTOWN
2566,Raby,CAMPBELLTOWN
2566,Minto Heights,CAMPBELLTOWN
2566,Varroville,CAMPBELLTOWN
2566,St Andrews,CAMPBELLTOWN
2567,Mount Annan,CAMPBELLTOWN
2567,Narellan,CAMPBELLTOWN
2567,Harrington Park,CAMPBELLTOWN
2567,Smeaton Grange,CAMPBELLTOWN
2567,Currans Hill,CAMPBELLTOWN
2567,Narellan Vale,CAMPBELLTOWN
2567,Narellan Dc,CAMPBELLTOWN
2568,Menangle,CAMPBELLTOWN
2569,Douglas Park,CAMPBELLTOWN
2570,Oran Park,CAMPBELLTOWN
2570,Orangeville,CAMPBELLTOWN
2570,Werombi,CAMPBELLTOWN
2570,Mount Hunter,CAMPBELLTOWN
2570,Grasmere,CAMPBELLTOWN
2570,Camden South,CAMPBELLTOWN
2570,Bickley Vale,CAMPBELLTOWN
2570,Spring Farm,CAMPBELLTOWN
2570,Elderslie,CAMPBELLTOWN
2570,Ellis Lane,CAMPBELLTOWN
2570,Cawdor,CAMPBELLTOWN
2570,Glenmore,CAMPBELLTOWN
2570,Theresa Park,CAMPBELLTOWN
2570,Camden Park,CAMPBELLTOWN
2570,Brownlow Hill,CAMPBELLTOWN
2570,The Oaks,CAMPBELLTOWN
2570,Cobbitty,CAMPBELLTOWN
2570,Kirkham,CAMPBELLTOWN
2570,Oakdale,CAMPBELLTOWN
2570,Belimbla Park,CAMPBELLTOWN
2570,Nattai,CAMPBELLTOWN
2570,Camden,CAMPBELLTOWN
2571,Maldon,CAMPBELLTOWN
2571,Couridjah,CAMPBELLTOWN
2571,Picton,CAMPBELLTOWN
2571,Buxton,CAMPBELLTOWN
2571,Razorback,CAMPBELLTOWN
2571,Mowbray Park,CAMPBELLTOWN
2571,Balmoral,CAMPBELLTOWN
2571,Balmoral Village,CAMPBELLTOWN
2571,Wilton,CAMPBELLTOWN
2572,Lakesland,CAMPBELLTOWN
2572,Thirlmere,CAMPBELLTOWN
2573,Tahmoor,CAMPBELLTOWN
2574,Pheasants Nest,CAMPBELLTOWN
2574,Bargo,CAMPBELLTOWN
2574,Yanderra,CAMPBELLTOWN
2574,Avon,CAMPBELLTOWN
2575,Woodlands,CAMPBELLTOWN
2575,Braemar,CAMPBELLTOWN
2575,High Range,CAMPBELLTOWN
2575,Joadja,CAMPBELLTOWN
2575,Renwick,CAMPBELLTOWN
2575,Hill Top,CAMPBELLTOWN
2575,Aylmerton,CAMPBELLTOWN
2575,Balaclava,CAMPBELLTOWN
2575,Colo Vale,CAMPBELLTOWN
2575,Yerrinbool,CAMPBELLTOWN
2575,Willow Vale,CAMPBELLTOWN
2575,Bullio,CAMPBELLTOWN
2575,Welby,CAMPBELLTOWN
2575,Mittagong,CAMPBELLTOWN
2575,Mandemar,CAMPBELLTOWN
2575,Alpine,CAMPBELLTOWN
2575,Wattle Ridge,CAMPBELLTOWN
2575,Mount Lindsey,CAMPBELLTOWN
2575,Goodmans Ford,CAMPBELLTOWN
2576,East Bowral,CAMPBELLTOWN
2576,Bowral,CAMPBELLTOWN
2576,East Kangaloon,CAMPBELLTOWN
2576,Kangaloon,CAMPBELLTOWN
2576,Burradoo,CAMPBELLTOWN
2576,Glenquarry,CAMPBELLTOWN
2577,Yarrunga,CAMPBELLTOWN
2577,Burrawang,CAMPBELLTOWN
2577,Avoca,CAMPBELLTOWN
2577,Macquarie Pass,CAMPBELLTOWN
2577,Meryla,CAMPBELLTOWN
2577,Beaumont,CAMPBELLTOWN
2577,Knights Hill,CAMPBELLTOWN
2577,Upper Kangaroo Valley,CAMPBELLTOWN
2577,Budgong,CAMPBELLTOWN
2577,Manchester Square,CAMPBELLTOWN
2577,Barrengarry,CAMPBELLTOWN
2577,Upper Kangaroo River,CAMPBELLTOWN
2577,Robertson,CAMPBELLTOWN
2577,Kangaroo Valley,CAMPBELLTOWN
2577,Wildes Meadow,CAMPBELLTOWN
2577,Sutton Forest,CAMPBELLTOWN
2577,Werai,CAMPBELLTOWN
2577,Belanglo,CAMPBELLTOWN
2577,Berrima,CAMPBELLTOWN
2577,Carrington Falls,CAMPBELLTOWN
2577,Medway,CAMPBELLTOWN
2577,Fitzroy Falls,CAMPBELLTOWN
2577,Mount Murray,CAMPBELLTOWN
2577,Barren Grounds,CAMPBELLTOWN
2577,New Berrima,CAMPBELLTOWN
2577,Moss Vale,CAMPBELLTOWN
2577,Canyonleigh,CAMPBELLTOWN
2577,Paddys River,CAMPBELLTOWN
2577,Red Rocks,CAMPBELLTOWN
2578,Bundanoon,CAMPBELLTOWN
2579,Exeter,CAMPBELLTOWN
2579,Wingello,CAMPBELLTOWN
2579,Brayton,CAMPBELLTOWN
2579,Penrose,CAMPBELLTOWN
2579,Tallong,CAMPBELLTOWN
2579,Big Hill,CAMPBELLTOWN
2579,Marulan,CAMPBELLTOWN
2580,Windellama,CAMPBELLTOWN
2745,Glenmore Park,PENRITH
2745,Greendale,PENRITH
2745,Wallacia,PENRITH
2745,Regentville,PENRITH
2745,Luddenham,PENRITH
2745,Mulgoa,PENRITH
2747,Jordan Springs,PENRITH
2747,Werrington,PENRITH
2747,Werrington County,PENRITH
2747,Claremont Meadows,PENRITH
2747,Caddens,PENRITH
2747,Cambridge Gardens,PENRITH
2747,Kingswood,PENRITH
2747,Shanes Park,PENRITH
2747,Cambridge Park,PENRITH
2747,Llandilo,PENRITH
2747,Werrington Downs,PENRITH
2748,Orchard Hills,PENRITH
2749,Castlereagh,PENRITH
2749,Cranebrook,PENRITH
2750,Penrith Plaza,PENRITH
2750,South Penrith,PENRITH
2750,Emu Heights,PENRITH
2750,Penrith,PENRITH
2750,Penrith South,PENRITH
2750,Jamisontown,PENRITH
2750,Emu Plains,PENRITH
2750,Leonay,PENRITH
2751,Penrith,PENRITH
2752,Silverdale,PENRITH
2752,Warragamba,PENRITH
2753,Agnes Banks,PENRITH
2753,Richmond Lowlands,PENRITH
2753,Yarramundi,PENRITH
2753,Grose Vale,PENRITH
2753,Richmond,PENRITH
2753,Londonderry,PENRITH
2753,Grose Wold,PENRITH
2753,Bowen Mountain,PENRITH
2753,Hobartville,PENRITH
2754,The Slopes,PENRITH
2754,North Richmond,PENRITH
2754,Tennyson,PENRITH
2755,Richmond,PENRITH
2755,Richmond Raaf,PENRITH
2756,Pitt Town,PENRITH
2756,Colo,PENRITH
2756,Colo Heights,PENRITH
2756,Mcgraths Hill,PENRITH
2756,Bligh Park,PENRITH
2756,Sackville North,PENRITH
2756,Wilberforce,PENRITH
2756,Lower Portland,PENRITH
2756,Glossodia,PENRITH
2756,Windsor Downs,PENRITH
2756,Freemans Reach,PENRITH
2756,Cumberland Reach,PENRITH
2756,Mellong,PENRITH
2756,Sackville,PENRITH
2756,South Maroota,PENRITH
2756,South Windsor,PENRITH
2756,Central Colo,PENRITH
2756,Mulgrave,PENRITH
2756,Upper Colo,PENRITH
2756,Cornwallis,PENRITH
2756,Windsor,PENRITH
2756,Womerah,PENRITH
2756,Ebenezer,PENRITH
2756,Cattai,PENRITH
2756,Pitt Town Bottoms,PENRITH
2756,Scheyville,PENRITH
2756,Maroota,PENRITH
2756,Clarendon,PENRITH
2757,Kurmond,PENRITH
2758,Kurrajong,PENRITH
2758,Mountain Lagoon,PENRITH
2758,Berambing,PENRITH
2758,Kurrajong Heights,PENRITH
2758,Bilpin,PENRITH
2758,The Devils Wilderness,PENRITH
2758,Blaxlands Ridge,PENRITH
2758,Wheeny Creek,PENRITH
2758,Mount Tomah,PENRITH
2758,Kurrajong Hills,PENRITH
2758,East Kurrajong,PENRITH
2759,Erskine Park,PENRITH
2759,St Clair,PENRITH
2760,St Marys South,PENRITH
2760,Colyton,PENRITH
2760,North St Marys,PENRITH
2760,St Marys,PENRITH
2760,Ropes Crossing,PENRITH
2760,Oxley Park,PENRITH
2760,St Marys East,PENRITH
2761,Colebee,PENRITH
2761,Oakhurst,PENRITH
2761,Hassall Grove,PENRITH
2761,Dean Park,PENRITH
2761,Glendenning,PENRITH
2761,Plumpton,PENRITH
2762,Schofields,PENRITH
2763,Quakers Hill,RICHMOND
2763,Acacia Gardens,RICHMOND
2765,Nelson,PENRITH
2765,Box Hill,PENRITH
2765,Riverstone,PENRITH
2765,Vineyard,PENRITH
2765,Maraylya,PENRITH
2765,Berkshire Park,PENRITH
2765,Marsden Park,PENRITH
2765,Oakville,PENRITH
2766,Eastern Creek,PENRITH
2766,Rooty Hill,PENRITH
2767,Woodcroft,RICHMOND
2767,Doonside,RICHMOND
2767,Bungarribee,RICHMOND
2768,Parklea,RICHMOND
2768,Stanhope Gardens,RICHMOND
2768,Glenwood,RICHMOND
2769,The Ponds,RICHMOND
2770,Blackett,PENRITH
2770,Emerton,PENRITH
2770,Shalvey,PENRITH
2770,Whalan,PENRITH
2770,Minchinbury,PENRITH
2770,Tregear,PENRITH
2770,Lethbridge Park,PENRITH
2770,Hebersham,PENRITH
2770,Mount Druitt,PENRITH
2770,Willmot,PENRITH
2770,Mount Druitt Village,PENRITH
2770,Bidwill,PENRITH
2770,Dharruk,PENRITH
2773,Lapstone,PENRITH
2773,Glenbrook,PENRITH
2774,Blaxland,PENRITH
2774,Warrimoo,PENRITH
2774,Blaxland East,PENRITH
2774,Mount Riverview,PENRITH
2775,Wisemans Ferry,RICHMOND
2775,Mogo Creek,RICHMOND
2775,Lower Macdonald,RICHMOND
2775,Lower Hawkesbury,RICHMOND
2775,Marlow,RICHMOND
2775,Laughtondale,RICHMOND
2775,Leets Vale,RICHMOND
2775,Webbs Creek,RICHMOND
2775,Spencer,RICHMOND
2775,St Albans,RICHMOND
2775,Singletons Mill,RICHMOND
2775,Higher Macdonald,RICHMOND
2775,Fernances,RICHMOND
2775,Gunderman,RICHMOND
2775,Upper Macdonald,RICHMOND
2775,Central Macdonald,RICHMOND
2775,Perrys Crossing,RICHMOND
2775,Wrights Creek,RICHMOND
2776,Faulconbridge,PENRITH
2777,Yellow Rock,PENRITH
2777,Sun Valley,PENRITH
2777,Valley Heights,PENRITH
2777,Hawkesbury Heights,PENRITH
2777,Springwood,PENRITH
2777,Winmalee,PENRITH
2778,Woodford,PENRITH
2778,Linden,PENRITH
2779,Hazelbrook,PENRITH
2780,Leura,PENRITH
2780,Medlow Bath,PENRITH
2780,Katoomba,PENRITH
2780,Katoomba DC,PENRITH
2782,Wentworth Falls,PENRITH
2783,Lawson,PENRITH
2784,Bullaburra,PENRITH
2785,Blackheath,PENRITH
2785,Megalong,PENRITH
2785,Megalong Valley,PENRITH
2786,Mount Wilson,PENRITH
2786,Mount Victoria,PENRITH
2786,Mount Irvine,PENRITH
2786,Bell,PENRITH
2786,Dargan,PENRITH